iter	MultiClass
0	2.553001169
1	2.287396132
2	2.120223974
3	1.983156843
4	1.870735394
